Provider Name,Coverage Type,Address,City/Town,State
"St. Luke's Hospital, Yaba",Medical,"18, Commercial Avenue, Sabo - Yaba, Lagos.", Yaba,Lagos
Victoria Memorial Clinic And Maternity - Lagos,Medical,"Behind Foursquare Gospel Church, Morogbo-Agbara, Lagos",Agbara/Ojo,Lagos
"Osuntuyi Medical Centre, Iju",Medical,"255, Iju Rd., Balogun Bus Stop, Iju Ishaga, Agege",Agege,Lagos
All Souls Infirmary Hospital,Medical,"8,Church Street,Elere,Agege",Agege ,Lagos
Anthony Cardinal Okogie Medical Centre (ACOMED),Medical,"1, Akinsegun Street, Oko-Oba, Agege, Lagos.",Agege ,Lagos
Ayodele Medical Centre,Medical,"1, Ayodele close, off Jonathan Coker road, Fagba Junction, Iju-Agege, Lagos",Agege ,Lagos
Betta Hospital,Medical,"9/11, Coker Street, Off Funmilayo bus stop, Orile-Agege, Lagos.",Agege ,Lagos
Blooming Care Hospital,Medical,"30 Baale Animashaun Road, Alakuko Lagos",Agege ,Lagos
Blue Sky Hospital LTD,Medical,"263,Idimu Pipleline,Bus stop Idimu Lagos",Agege ,Lagos
Deji Clinic - Iju Ishaga,Medical,"56, Agbado Road, Toyota b/stop, Shasha, Iju Ishaga, Lagos.",Agege ,Lagos
DUNIA HOSPITAL,Medical,"45,Old Oko Oba Road Agege Lagos",Agege ,Lagos
Funbi Medical Centre,Medical,"Plot 10, Kolawole Otun Close, Off Old Otta Road, Moshalashi, Lagos.",Agege ,Lagos
Geo Medical Centre,Medical,"12, Subairu Street, Ladipo Bus Stop, Off Agege Motor Road, Lagos.",Agege ,Lagos
HEPHZIBAH EYE CARE- AGEGE,Optical,"OLD ABEOKUTA ROAD, BESIDE DSTV OFFICE, OPPOSITE OKO OBA G.R.A SCHEME 1, OKO OBA, AGEGE, LAGOS STATE",Agege ,Lagos
Jefis Specialist Hospital Ltd,Medical,"9, Adegbola Street, Off Baale Animashaun Road, Alakuko, Lagos.",Agege ,Lagos
Mobonike T Medical Centre,Medical,"33 Surulere Street,Baale Bus Stop Dopemu",Agege ,Lagos
OVERCOMERS HOSPITAL,Medical,"36 NEW ROAD,ATILA BUSTOP,AGBADO CROSSING,AGBADO",Agege ,Lagos
PACIFIC HOSPITAL,Medical,"4, SHOBOYEJO STREET OFF IJU ROAD, IJU-ISHAGA. LAGOS.",Agege ,Lagos
Peve Dental Clinic,Dental,"51 IjuRoad,Pen Cinema Agege",Agege ,Lagos
Vital Hope Dental Clinic Lmited,Dental,"12, Olayiwola Street, Off Charity Road. New Oko-Oba, Abule Egba Lagos",Agege ,Lagos
Abbey Medical Centre,Medical,"74, Idewu Street, Olodi-Apapa, Lagos.",Ajeromi-Ifelodun ,Lagos
"All Souls' Clinics Ltd, Ajegunle",Medical,"255, Ojo Road, Suru Alaba, Ajegunle, Lagos",Ajeromi-Ifelodun ,Lagos
AZIR HEALTHCARE,Medical,"47, ODUNTAN STREET,IKOSI-ISHERI,KETU LAGOS",Ajeromi-Ifelodun ,Lagos
CLASSY VISION OPTICALS,Optical,"18, Oluwakemi Street, Alapere, Ketu",Ajeromi-Ifelodun ,Lagos
FIRST CONSULTANT DENTAL CLINIC,Dental,"20/22 ILUPEJU BYPASS (WITHIN TEJU HOSPITAL PREMISES), ILUPEJU ESTATE, LAGOS",Ajeromi-Ifelodun ,Lagos
Prince And Princess Hospital - Ajegunle,Medical,"191, OJo Road, Ligali Bus stop, Ajegunle, Lagos.",Ajeromi-Ifelodun ,Lagos
Taan Medico Hospital,Medical,"5, Pelewura crescent, Apapa, Lagos",Ajeromi-Ifelodun ,Lagos
EVANGEL HOSPITAL,Medical,"NO 16, ADEAGA STREET, ABULE EGBA 102213 LAGOS",Alimosho,Lagos
FAITH EYE-Q,Optical,"5, NNPC RPAD, EJIGBO LAGOS",Alimosho,Lagos
"FAMACARE CENTRE LIMITED, EGBEDA",Medical,108 AKOWONJO ROAD VULCANIZER BUSSTOP EGBEDA26 AMUSAN STREET OFF PUPOSHOLA NEW OKO-OBA ABULE-EGBA,Alimosho,Lagos
"FAMACARE CLNIC, ABULE EGBA",Optical,info@famacare.com,Alimosho,Lagos
Geo-Marie Hospital,Medical,"35, Adepigba Street, Abule-Egba, Lagos.",Alimosho,Lagos
GUARDIAN HEALTH HOSPITAL,Medical,"182, EKORO ROAD, BY UPSTAIRS BUS STOP, ABULE EGBA, LAGOS.",Alimosho,Lagos
Hamkad Hospital Nigeria Ltd.,Medical,"39, Olawale-Cole street, U-turn Bus stop, Abule-Egba, Lagos",Alimosho,Lagos
Krown Hospital &Maternity Centre,Medical,"11,Alhaji Sekoni Street,off Alimosho road, Iyana-Ipaja",Alimosho,Lagos
Lex Medical Centre,Medical,"5, RALIAT ALABI STREET, IYANA MEIRAN, IJAIYE-OJOKORO, LAGOS",Alimosho,Lagos
Next Generation Eye Clinic,Optical,"Plot 1, RDA Iroko Estate, Isheri/Igando Road, By Iroko Estate Gate, Isheri Olofin, Lagos.",Alimosho,Lagos
Subol Hospital,Medical,"16/17, OBA AMUSA AVENUE, IDIMU, LAGOS",Alimosho,Lagos
Veta Hospitals Ltd,Medical,"1, Veta Close, Araromi B/Stop, Lagos-Abeokuta Exp., Iyana Ipaja",Alimosho,Lagos
VINTAGE HOSPITAL,Medical,"53, ISOTI ROAD, EGAN IGANDO, LAGOS",Alimosho,Lagos
A-HARMONY HOSPITAL,Medical,"4B, Ekundayo Road, Opposite Holy Child Nur/Primary School, Badagry",Alimosho ,Lagos
Acrivision Eye Care,Optical,No 2 Godwin Omonua Street Ireakari By Bayo Olumide junction,Alimosho ,Lagos
Adebayo Specialist Hospital,Medical,"14, Ajenifuja Street, Bamshair bus stop Off Governor's Road, Ikotun, Lagos.",Alimosho ,Lagos
Agape Medical Centre,Medical,"16, Ogunbiyi-Ilo Street, Olude B/stop, Ipaja, Lagos.",Alimosho ,Lagos
Alpha Central Hospital,Medical,"20, Prince Hakeem Balogun Street, Gloryland Estate, Powerline b/stop, Along LASU_Igando Road, Lagos.",Alimosho ,Lagos
Bee Hess Hospital,Medical,"155, Akowonjo road, Akowonjo, Lagos",Alimosho ,Lagos
BLUECARE DENTAL CLINIC,Medical,"11, MARIAM BALOGUN STREET, IGANDO PHASE 2 ESTATE, IGANDO, LAGOS.",Alimosho ,Lagos
Bob Specialist Hospital,Medical,"22, Olugbede Street, Off Orelope Street, Egbeda, Lagos.",Alimosho ,Lagos
BOSUN CLINIC & MATERNITY HOME,Medical,"5, Kazeem Street, Off Daleko Bus Stop, Ejigbo",Alimosho ,Lagos
Bridge Medicentre - Ikotun,Medical,"43, Ikotun-Idumu Road, Lagos.",Alimosho ,Lagos
Broad Hospital,Medical,"17, Fehintola St, Off Isijola St, NEPA B/Stop, Ikotun",Alimosho ,Lagos
CARELIFE  MEDICAL CENTRE,Medical,"9 PHIDEL STREET OLD GARAGE BUS STOP ISHERI IGANDO ROAD, LAGOS",Alimosho ,Lagos
CarePoint Clinic Egbeda Limited,Medical,"7/9, Ogunlana Street, Egbeda, Lagos.",Alimosho ,Lagos
CAREWAY HOSPITAL AND MATERNITY,Medical,"14, ORELOPE STREET, EGBEDA, LAGOS",Alimosho ,Lagos
Crystal Specialist Hospital,Medical,"148/150, Akowonjo Road, Dopemu, Agege",Alimosho ,Lagos
"D'GREAT ARK HOSPITAL, LAGOS",Medical,"28, Modupe Ayoade Street, Araromi, Bus Stop, Iyana Ipaja",Alimosho ,Lagos
D-BETTERLIFE MEDICAL CENTRE,Medical,"5, SURAJU STREET, BETTERLIFE BUS-STOP, OKERUBE, IKOTUN, LAGOS",Alimosho ,Lagos
"DAYSPRING SPECIALIST HOSPITAL, IKOTUN",Medical,"1, Popoola Oladuni Street, Off Isiyola Ikotun",Alimosho ,Lagos
"DAYSPRING SPECIALIST HOSPITAL, LIASU",Medical,"33, Banjo Street, Off Liasu Road, Egbe Hotel Bus stop Ejigbo",Alimosho ,Lagos
DEAN EYE CARE- EYE CLINIC,Optical,"6 Oreniwon Street off Agbe Road, Abule-egba, Lagos State",Alimosho ,Lagos
Doro Eye Clinic,Optical,"5th Avenue, 52 Road Junction, Gowon Estate, Egbeda, Lagos.",Alimosho ,Lagos
Faith-Hills Specialist Hospital Limited,Medical,"87, Alimosho Road, Alaguntan, Iyana Ipaja, Lagos.",Alimosho ,Lagos
Finesse Specialist Dental Clinics And Surgery,Dental,"Mufsuf Plaza, 185, Lagos Abeokuta Expressway, Iyana Ipaja Bus Stop, Iyana Ipaja, Lagos.",Alimosho ,Lagos
First U-Turn Hospital,Medical,"2 Riskat Majaro Street, Off Lagos-Abeokuta Express Way Abule-Egba Bus-stop Lagos",Alimosho ,Lagos
Glad Tidings Medical Centre,Medical,"1, Amusa Aloa Street, (Old Church Street) Off Gbadamosi Opesa Street, Opeki b/stop, Ipaja, Lagos.",Alimosho ,Lagos
HEPHZIBAH EYE CARE- ISHERI/IDIMU,Optical,"365, ISHERI IKOTUN-IDIMU ROAD, OPP. ST. PETER'S ANGLICAN CHURCH, ISHERI",Alimosho ,Lagos
ICONIC CARE HOSPITAL,Medical,"75, Isuti Road, Opposite Queen Maris College, Egan",Alimosho ,Lagos
ISOLO ESTATE CLINIC,Medical,"70C GREEN STREET, JAKANDE ESTATE, EJIGBO LAGOS STATE",Alimosho ,Lagos
KLARITY DENTAL,Dental,"1ST FLOOR,144, EGBEDA-IDIMU ROAD, SELIAT BUS STOP, EGBEDA, LAGOS",Alimosho ,Lagos
Life Fount Medical Centre,Medical,"103, Moshalashi Road, Shima Bus stop, Egan Igando, Lagos.",Alimosho ,Lagos
LIGHT SHADE HOSPITAL,Medical,NO 12 OYEBOLA TIAMIYU STR OFF DANIEL BIGHORO STR OSHIN AYOBO,Alimosho ,Lagos
Lota Medical Centre,Medical,"1 Mojisola Abass street salvation Street, Powerline Bus-stop, Isheri-Olofin, Lasu Rd, Lagos.",Alimosho ,Lagos
Mary The Queen Hospital Ltd,Medical,"29, Babalola Street, Off Vulcanizer B/stop, Akowonjo, Lagos.",Alimosho ,Lagos
MAX HEALTH CONSULTANT HOSPITAL LTD,Medical,"ROAD 1a HOUSE 15, DIAMOND ESTATE ISHERI IGANDO ROAD, LAGOS",Alimosho ,Lagos
Mega Vision Eye Clinic - Egbeda,Optical,"NEXT LEVEL PLAZA, 142, Akowonjo Road, Akowonjo, Egbeda, Lagos.",Alimosho ,Lagos
MERCY GATE HOSPITAL,Medical,"24, Ogunlana Street, Off Daramola Street, Egbeda",Alimosho ,Lagos
Mercy Stripes Specialist Hospital,Medical,"30, Phillip Taiwo Street, Coker Estate, Orisunbare, Shasha, Lagos.",Alimosho ,Lagos
Mt. Pisgah Hospital Ltd,Medical,"1, Samuel Sode Street, Cele-Egbe, Egbe Lagos.",Alimosho ,Lagos
Mucas Hospital Limited,Medical,"19, Ogun street, Adeale bus stop, Dopemu",Alimosho ,Lagos
Oohbee Hospital,Medical,"1, Kudaki Road, Hostel B/stop, Egbe, Alimosho, Lagos.",Alimosho ,Lagos
OSBORN HOSPITAL,Medical,"10, JIMOKE EYITAYO STREET, EJIGBO",Alimosho ,Lagos
OWOLOLA BETHEL HOSPITAL,Medical,2 SEMIU TIAMIYU STREET HILL TOP ESTATE PIPELINE ABORU IYANA-PAJA,Alimosho ,Lagos
P & G Medicare Centre,Medical,29 sanni labode Street New Oko-oba Abule Egba Lagos,Alimosho ,Lagos
Primex Hospital,Medical,"58, Igando Road, Unity Bus Stop, Ikotun, Lagos",Alimosho ,Lagos
Prince And Princess Hospital - Egbeda,Medical,"Plot 75, 1st, Avenue, 12 Road, Gowon Estate, Egbeda, Lagos.",Alimosho ,Lagos
Promise Medical Centre - DOPEMU,Medical,"132, Dopemu road, Dopemu Agege, Lagos",Alimosho ,Lagos
Rev. Fr. John Burke Memorial Hospital And Maternity,Medical,"Inside St. Ferdinand Catholic Church, Boy's Town, Ipaja, Lagos.",Alimosho ,Lagos
Rivet Specialist Hospital,Medical,"22, Adejumo Tennis Road, Oke-Afa, Ejigbo, Lagos.",Alimosho ,Lagos
Santa Maria Hospital,Medical,"8/10, Santa Maria Street, Egan-Igando, Alimosho, Lagos",Alimosho ,Lagos
Solad Medical Centre And Maternity,Medical,"16, Maria Street, Off Candos Road, Baruwa Ipaja, Lagos.",Alimosho ,Lagos
St. Ives Specialist Hospital - Akowonjo Egbeda,Medical,"Akowonjo Road, Egbeda, Lagos.",Alimosho ,Lagos
St. Joseph Medical Centre,Medical,"Road 412, FHA Gowon Estate, Ipaja, Lagos.",Alimosho ,Lagos
St. Williams Hospital,Medical,"2, Adeeko Olusanya Street, Graceland Estate, Seliat bus stop, Egbeda, Alimosho, Lagos.",Alimosho ,Lagos
Standard Life CARE Hospital,Medical,6 Oreniwon street off Agba Road Abule Egba Lagos State,Alimosho ,Lagos
Stone Hill Medical Centre,Medical,"2, Mortune Street, Valley Estate, After Cement Bus stop, By Con-Oil Filling Station, Iyana Ipaja Expressway, Lagos.",Alimosho ,Lagos
Talent Specialist Hospital,Medical,"Plot 440 4th Avenue, Gowon Estate, Egbeda, Lagos.",Alimosho ,Lagos
TENDER TOUCH HOSPITAL,Medical,"12, Ejigbo Road, Orisunbare Roudabout Shasha, Egbeda",Alimosho ,Lagos
Tonajib Hospital,Medical,"46, Maria Ibironke Street, Ikotun, Lagos.",Alimosho ,Lagos
VIEW EYE CLINIC,Optical,"14 COMMAND ROAD, SAVANNA BUS-STOP, OPPOSITE ST LAWRENCE SCHOOL,COMMAND AJASA, IPAJA LAGOS",Alimosho ,Lagos
VINEYARD HOSPITAL LIMITED,Medical,"4, Gbemi Ogundeyi Street, Idimu, lagos",Alimosho ,Lagos
West Care Specialist Hospital,Medical,"32, Samuel Street, Off Vulcanizer B/stop, Akowonjo Egbeda, Lagos.",Alimosho ,Lagos
Westcare Hospital - Ejigbo,Medical,"31, Ifoshin Road, Pipeline Bus stop, Opposite Garislam Mosque, Orilowo Ejigbo, Lagos.",Alimosho ,Lagos
FRAMEL EYE CLINIC,Optical,"SHOP 8, ULTIMA SHOPPING COMPLEX, 21 ROAD OPP J CLOSE, FESTAC",Amuwo-Odofin,Lagos
Golden Cross Infirmary (Hospital & Maternity),Medical,"2nd Avenue, 22 Road, Festac Town, Lagos",Amuwo-Odofin,Lagos
"Holy Family Hospital & Maternity Home,Ltd",Medical,"No 1, Ijegun Road, Satelite town, Lagos",Amuwo-Odofin,Lagos
PRO WELL SPECIALIST HOSPITAL,Medical,"COOPERATIVE SOCIETY COMPOUND, OPPOSITE COCIN CHURCH, GIRING-ABATTOIR.",Amuwo-Odofin,Lagos
Sparkle Dental Clinic,Dental,"House 42, 2nd avenue by 208rd junction Festac town,Lagos.",Amuwo-Odofin,Lagos
Toothcom Dental Clinics,Dental,"Plot 352, Durbar Road, Beside Affordable Place, Mile 2, Amuwo Odofin, Lagos.",Amuwo-Odofin,Lagos
Blue Lime Hospital And Maternity,Medical,"7th Avenue, I1 Close, House 2, Festac Town, Lagos.",Amuwo-Odofin ,Lagos
BMM HOSPITAL AND DIALYSIS,Medical,8 Kugbuyi Street IDI-ORO,MUSHIN,Lagos
Emel Hospital,Medical,"Z Close, 21 Road, Festac Town",Amuwo-Odofin ,Lagos
Faith Care Hospital,Medical,"House 29, 32 Road 3rd Avenue Festac Town Lagos.",Amuwo-Odofin ,Lagos
FIRST EYE CLINIC - Festac Town,Optical,"FIFTH AVENUE, HOUSE 3 ( BETWEEN B1 AND D1 CLOSE ), FESTAC TOWN, SAME BUILDING WITH COWRIES MICRO FINANCE BANK",Amuwo-Odofin ,Lagos
Forst Eye Clinic - Festac Town,Optical,"5th Avenue, U Close, House 1, Festac Town, lagos.",Amuwo-Odofin ,Lagos
God Cures Hospital - Satellite Town,Medical,"56, Marwa Road, Satellite Town, Lagos.",Amuwo-Odofin ,Lagos
Godfrey Specialist Hospital,Medical,"Plot 3554, Kofo Kasumu Avenue, Lakeview Phase 1 Estate, ICAN Road, Amuwo-Odofin, Lagos.",Amuwo-Odofin ,Lagos
"GODSPOWER CLINIC, HOSPITAL & MATERNITY",Medical,"321 ROAD, C CLOSE, HOUSE 7, FESTAC",Amuwo-Odofin ,Lagos
"GREENLIFE HOSPITAL, AMUWO ODOFIN",Medical,"Plot 2031, Rafiu Babatunde Tinubu Way, Off Apple Junction, Amuwo-Odofin, Lagos.",Amuwo-Odofin ,Lagos
Hephzibah Eye Care - Amuwo-Odofin,Optical,"Saviour House, Opposite Startimes By Apple Junction, Along Amuwo-Odofin, Festac Link Road, Amuwo-Odofin, Lagos",Amuwo-Odofin ,Lagos
Hilton Dental Services And Consulting Ltd,Dental,"Block 14, Plot 221, Chief Sunny Ogbeide Close, Off Golden Tulip Hotel Road, Diamond Estate, Amuwo-Odofin, Lagos.",Amuwo-Odofin ,Lagos
Hova's Place Eyecare & Surgery Centre,Optical,"House 8, 309 Road, 3rd Avenue, Festac Town, Lagos.",Amuwo-Odofin ,Lagos
HOVA'S PLACE HOSPITAL,Medical,"PLOT 122A, 1ST AVENUE ""P"" CLOSE OR 21 ROAD ""X"" CLOSE, FESTAC",Amuwo-Odofin ,Lagos
Kopul Dental Clinic,Dental,Amuwo Odofin Maternal and Child Hospital by First Gate Festac Town,Amuwo-Odofin ,Lagos
LONGE MEDICAL CENTRE,Medical,"126 OLUSEGUN OSOBA WAY, AGBADO CROSSING, IFAKO IJAIYE",IFAKO IJAIYE,Lagos
PANOX HOSPITAL,Medical,"Plot 920 B, Raji Rasaki Estate Road, Amuwo Odofin",Amuwo-Odofin ,Lagos
Rabboni Dental Clinic - Festac,Dental,"House 2, G Close, 21 Road, Festac, Lagos.",Amuwo-Odofin ,Lagos
Rabboni Hospital Ltd,Medical,"3rd Avenue, D Close, House 14, Festac Town, Lagos.",Amuwo-Odofin ,Lagos
Rhowil Total Care Medical Centre,Medical,"Plot 3, Block 7, Site G, Satellite Town, Lagos.",Amuwo-Odofin ,Lagos
Shepherd Specialist Hospital - Lagos,Medical,"4th Avenue, E Close, Plot 1619, Festac Town, Lagos.",Amuwo-Odofin ,Lagos
SIRONA HOSPITAL,Medical,"Ist Avenue, N close, Hosue 9,Festac Town Lagos",Amuwo-Odofin ,Lagos
ST. JUDES HOSPITAL,Medical,"21 ROAD, B CLOSE, HOUSE 3, FESTAC TOWN",Amuwo-Odofin ,Lagos
Swift Eyecare Limited - Festac Town,Optical,"4th Avenue, A1 Close, Festac Town, Lagos",Amuwo-Odofin ,Lagos
SYD-MONIC CLINIC LTD,Medical,"6, ALH. MOSHOBALAJE STREET, AGO PALACE WAY, OKOTA, ISOLO",Amuwo-Odofin ,Lagos
TOOTH ANGEL DENTAL CLINIC,Dental,"14B BOLA SIPEADE SREET, LAKEVIEW PHASE 1 ESTATE, AMUWO ODOFIN, LAGOS STATE.",Amuwo-Odofin ,Lagos
Dental Plus Limited - Anthony Village Lagos,Dental,"2, Deji Odunuga Off Adebayo Mokunolu Street, Anthony Village, Lagos.",Anthony Village,Lagos
Gloria Hospital Limited,Medical,"9, Oladeinde Street, Anthony Village, Lagos.",Anthony Village,Lagos
AVO ERI CLINIC,Medical,"15 Payne Crescent, Apapa, Lagos",Apapa ,Lagos
"Christ Medical Centre, Apapa",Medical,"28, RANDLE ROAD, APAPA, LAGOS.",Apapa ,Lagos
Dako Medical Centre,Medical,"185 Muyibi Street, Olodi, Apapa by God dey cinema",Apapa ,Lagos
Faleti Medical Centre,Medical,"98, Bale Street, New Road, b/stop, Olodi Apapa, Lagos",Apapa ,Lagos
ORANGE HEALTH MEDICAL CENTRE,Medical,"127, Idewu Street, Olodi, Apapa",Apapa ,Lagos
Standard Opticals Ltd - Apapa,Optical,"1, Point Road, Polysonic Mall, Apapa, Lagos.",Apapa ,Lagos
ADEBAYO LIVING TOWER HOSPITAL,Medical,"8, ADEBAYO OJAJUNI STREET, OFF KEMUYE BUS STOP, IMEKE BADAGRY LAGOS",Badagry ,Lagos
AJARA MEDICAL CENTRE,Medical,"3, DR DAUDA BIOKU STREET, AJARA TOPA, BADAGRY",Badagry ,Lagos
Care Givers Hospital,Medical,"20, Lawal's Place, Opposite Coca Cola Depot, Torikoh, Badagry, Lagos.",Badagry ,Lagos
Christ Foundation Hospital,Medical,"8z, Alhaja Simotu Ajayi Road, Morogbo, Lagos",Badagry ,Lagos
Deelacs Medical Centre,Medical,"11, Magbon-Obele Road, Magbon, Badagry, Lagos.",Badagry ,Lagos
Forst Eye Clinic - Agbara,Optical,"KM 32, Lagos Badagry Express Road, Tinpet/Mobil Filling Station, Morogbo, Agbara, Lagos.",Badagry ,Lagos
Ketu-L Medical Services,Medical,"26/28, Faloye Street, Off Badagry Expressway, Ketu, Ijanikin, Lagos.",Badagry ,Lagos
SANTA ANTONIO MEDICAL CENTRE,Medical,"PLOT 48, AREA 4, BLOCK T, OPIC ESTATE, AGBARA.",Badagry ,Lagos
Swift Eyecare Limited - Agbara,Optical,"1, Oluwo Street, Fountain House, Badagry Express Road, Agbara, Lagos.",Badagry ,Lagos
The Great Physician (Gadolpapha) Hospital Ltd.,Medical,"3, Niyi Adebule Street, Badagry",Badagry ,Lagos
Crest Hospital,Medical,"159-161, Isuti Road, Oremeji b/stop, Egan, Lagos.",Epe ,Lagos
First Graceland Hospital,Medical,"KM 43, Lekki-Epe Expressway, Opposite Corona Private School, Abijo GRA, Ibeju-Lekki, Lagos.",Epe ,Lagos
General Hospital - Epe Lagos,Medical,"1, Hospital Road, Epe, Lagos.",Epe ,Lagos
HAVEN DENTAL CLINIC,Dental,"9, 2 MALL, HAKEEM DICKSON LINK ROAD, OFF EIF BUS STOP LEKKI PHASE 1, LAGOS",Epe ,Lagos
HAVEN OPTICALS LTD,Optical,"9, 02 MALL, HAKEEM DICKSON LINK ROAD, OFF ELF BUS STOP LEKKI PHASE 1, LAGOS",Epe ,Lagos
MEDIBAM MEDICAL CENTRE,Medical,"NO 8, JUBRIL OLABISI STREET IDIMU ROAD EJIGB0 LAGOS",Epe ,Lagos
TRUECARE MODEL HOSPITAL LIMITED,Medical,"19, ADEYEMI APENA, STREET EPE LAGOS",Epe ,Lagos
Glaze Dental and Breath Clinic,Dental,17jAdmiral Ayinla Way Lekki Phase 1,Eti-Osa,Lagos
Top Care Eye Clinic Limited,Optical,"SIUTE 4, YADPRIME SHOPPING COMPLEX, AJAH",Eti-Osa,Lagos
Acuview Nigeria Limited,Optical,"Nurses House 43,Afribank Street,1st floor opp Total,Victoria Island",Eti-Osa ,Lagos
Amara Medicare Limited (Dental) - Ikoyi,Dental,"202, Awolowo Road, Ikoyi, Lagos.",Eti-Osa ,Lagos
Amara Medicare Limited (Optical) - Ikoyi,Optical,"202, Awolowo Road, Ikoyi, Lagos.",Eti-Osa ,Lagos
ANDCHRISTIE DENTAL CLINIC,Dental,"46, Raymond Njoku Street, Ikoyi",Eti-Osa ,Lagos
BESTCARE HOSPITAL,Medical,"2A, KEFFI STREET, S/W IKOYI, LAGOS",Eti-Osa ,Lagos
Bona Dental Clinic - Lagos,Dental,"4th Floor, Eleganza Plaza, 634, Adeyemo Alakija Street, Victoria Island, Lagos.",Eti-Osa ,Lagos
Citizen Medical Centre,Medical,"86, Norman Williams St.Off Keffi St. Ikoyi",Eti-Osa ,Lagos
Divine Dental Home - Victoria Island,Dental,"8B, Fabac Close, Off Ligali Ayorinde Street, V/I",Eti-Osa ,Lagos
EAGLEVISION EYE CARE CENTRE,Optical,"PLOT1A BLOCK 124, T.F. KUBOYE STREET, LEKKI, LAGOS",Eti-Osa ,Lagos
"FAITH CITY HOSPITAL, V.I.",Medical,"29A, Oju Olobun Close, Off Bishop Oluwole Street, Victoria Island",Eti-Osa ,Lagos
"FIRST MOBILE DENTAL CARE, Victoria Island",Dental,"100, ADETOKUNBO ADEMOLA STREET, V/ISLAND LAGOS.",Eti-Osa ,Lagos
GILGAL DENTAL CLINICS LTD,Dental,"2, OLAWALE DAUDU ROAD OFF KINGSWAY ROAD (WEBB ROAD), (ALFRED REWANE), IKOYI, LAGOS",Eti-Osa ,Lagos
Grover Hospital,Medical,"81A, YOUNIS BASHORUN OFF AJOSE ADEOGUN STREET, BEHIND ZENITH BANK HEAD OFFICE, VICTORIA ISLAND, LAGOS.",Eti-Osa ,Lagos
HEPHZIBAH EYE CARE- SANGOTEDO,Optical,"LEKKI-EPE EXPRESS WAY, OPPOSITE ENYO FILLING STATION, NEAR HAPPY HOME ESTATE SANGOTEDO, OKO-ADO, SANGOTEDO, LAGOS STATE.",Eti-Osa ,Lagos
Kleinburg Medical Center,Medical,"6b, Abimbola Awoniyi Close, Off Kasuma Ekemode Street, By Saka Tinubu, Victoria Island Lagos.",Eti-Osa ,Lagos
KRYSTAL OPTICALS LTD,Optical,99 Awolowo Road Falomo Ikoyi Lagos,Eti-Osa ,Lagos
Medicentre Clinic - Victoria Island,Medical,"64, Adetokunbo Ademola Street, Victoria Island, Lagos.",Eti-Osa ,Lagos
Novadent Dental Clinic,Dental,"34B, Chief Abiodun Yesufu Oniru Road, Victoria Island, Lagos.",Eti-Osa ,Lagos
Sightcity Eye Clinic - Victoria Island,Optical,"Plot 1398B Tiamiyu Savage street, Victoria Island, Lagos",Eti-Osa ,Lagos
"SKIPPER EYE Q SUPER SPECIALIST HOSPITAL, V.I.",Medical,"Plot 698, Sanusi Fafunwa, Victoria Island",Eti-Osa ,Lagos
Standard Opticals Ltd - Victoria Island,Optical,"141, Ahmadu Bello Way, Victoria Island, Lagos. Sleek Studio, Silverbird Galleria.",Eti-Osa ,Lagos
Truvision Limited,Optical,"84,Ozumba Mbadiwe Avenue,Victoria Island",Eti-Osa ,Lagos
Ultimate Eye Clinic - Ikoyi,Optical,"26, Keffi Road, Ikoyi, Lagos.",Eti-Osa ,Lagos
Ultimate Eye Clinic - Victoria Island,Optical,"25, Sanusi Fafunwa Street, Victoria Island, Lagos.",Eti-Osa ,Lagos
VISIONCRAFT EYE CLINIC LIMITED,Optical,"4, ADEOLA ODEKU STREET, VICTORIA ISLAND. LAGOS.",Eti-Osa ,Lagos
Amara Medicare Limited (Dental) - Lekki Ajah,Dental,"Plot 76B, Eleganza Garden, Opposite VGC, Lekki Ajah, Lagos.",Ibeju/Lekki ,Lagos
Amara Medicare Limited (Dental) - Sangotedo Ajah,Dental,"FF 01, New Era Mall, Cardinal Okogie Road, Sangotedo, Lagos.",Ibeju/Lekki ,Lagos
Amara Medicare Limited (Optical) - Lekki Ajah,Optical,"Plot 76B, Eleganza Garden, Opposite VGC, Lekki Ajah, Lagos.",Ibeju/Lekki ,Lagos
Amara Medicare Limited (Optical) - Sangotedo Ajah,Optical,"FF 01, New Era Mall, Cardinal Okogie Road, Sangotedo, Lagos.",Ibeju/Lekki ,Lagos
Beracca Eye Clinic Ltd - Lekki/VI,Optical,"Plot 6, T.F. Kuboye Road, Oniru, Lekki Phase 1, Lagos.",Ibeju/Lekki ,Lagos
Celon Dental Clinic - Lekki,Dental,"Akord shopping Mall,(opposite Elemoro Police Station),km34,Lekki-Eke Expressway,Bogije,Ibeju-Lekki Lagos",Ibeju/Lekki ,Lagos
DALES HEALTH CARE,Medical,KM 42 LEKKI EPE EXPRESS WAY ABIJO(NNPC FILLING STATION ABIJO),Ibeju/Lekki ,Lagos
"DAYSPRING SPECIALIST HOSPITAL, AJAH",Medical,"199, Ramlek Bishop, Badore Road",Ibeju/Lekki ,Lagos
Dee Goodnews Hospital,Medical,"White House By Living Stone, Epelemeje Community, Orofun Town, Ibeju Lekki L.G.A., Lagos.",Ibeju/Lekki ,Lagos
Doren Specialist Hospital,Medical,"1, Kemfat Road, Thomas Village,Lagos-Epe Exp. Way, Ajah",Ibeju/Lekki ,Lagos
Dove Hospital And Diagnostic Centre,Medical,"18, Badore road, Adewale Bus stop, opposite car wash Badore Road, Ajah Lagos",Ibeju/Lekki ,Lagos
Eyemasters Limited,Optical,"35 Freedom way by Ikate Lekki Phase I, Lagos",Ibeju/Lekki ,Lagos
FAMOUS HOSPITAL,Medical,"GREEN ROOF, OPP LEKKI FREE TRADE ZONE, FIRST GATE, TIYE TOWN, IBEJU LEKKI LAGOS.",Ibeju/Lekki ,Lagos
GENESIS OPTICALS LTD,Optical,"46, Lekki Epe Expressway by Alfa Bus Stop, Sangotedo, Ajah",Ibeju/Lekki ,Lagos
GENEZLAND HOSPITAL,Medical,"KM 42, KINGDOM HALL BUS STOP, GAMICK ESTATE, BESIDE ALPHA HYDROCARBON PETROL STATTION, LEKKI",Ibeju/Lekki ,Lagos
Havilah Hospital,Medical,"2, Emmanuel Ibitolu Street, Off Addo Road, Ajah, Lagos",Ibeju/Lekki ,Lagos
Hephzibah Eye Care - Ajah,Optical,"Suite 1F13, The Hub Plaza, Ado Road, Ajah, Lagos.",Ibeju/Lekki ,Lagos
Hephzibah Eye Care - Lekki,Optical,"32, Admiralty Way, Opposite First Bank, Lekki Phase 1, Lekki",Ibeju/Lekki ,Lagos
Hygei Dental & Eye Clinic - Lekki,Dental,"3, Creek Road, Colonel's Estate, Bogije Town, KM 32, Lekki-Epe Expressway, Lagos.",Ibeju/Lekki ,Lagos
Hygei Eye Clinic - Lekki,Optical,"3, Creek Road, Colonel's Estate, Bogije Town, KM 32, Lekki-Epe Expressway, Lagos.",Ibeju/Lekki ,Lagos
"J-Rapha Hospital, Ajah Lagos",Medical,"40, Addo-Langbasa Road, Ajah, Lagos.",Ibeju/Lekki ,Lagos
JJANED Specialist Hospital,Medical,"3, Nwakobi Street, Beside Lekki Gardens Phase 2,Off Lekki Epe Expressway, Lekki, Lagos.",Ibeju/Lekki ,Lagos
Josgla Vision,Optical,"Ikota Shopping Complex, H381, Road 4, VGC, Ajah, Lagos.",Ibeju/Lekki ,Lagos
Lennox Hospital,Medical,"7, Floodgate Street, Ajah, Lagos.",Ibeju/Lekki ,Lagos
Living Heart Specialist Hospital,Medical,"7b, Udeco Medical Road, Off Chevron Drive, Chevy View Estate, Lekki, Lagos.",Ibeju/Lekki ,Lagos
Louismed Hospital,Medical,"Plot 8, Iron Bar Street, Off Providence Road, Lekki Phase 1, Lagos.",Ibeju/Lekki ,Lagos
Luscent Hospital HealthCare,Medical,"Plot 9, Arimi Idogun Street, Imale-Talafia, Ibeju Lekki, Lagos.",Ibeju/Lekki ,Lagos
Marie Stopes Clinic Nigeria (Family Planning) - Lekki,Medical,"1, Alhaji Prince Raufu Ishola Lemonu Str, Greenville Estate, Off Agungi Ajiran Road, Lekki, Lagos",Ibeju/Lekki ,Lagos
Occupational Health Prime Hospital,Medical,13a John-vic Igboanugo Street Lekki Phase I,Ibeju/Lekki ,Lagos
Phoenix Eye Clinic Ltd - Lekki,Optical,"Scapular Plaza, KM 17, Lekki-Epe Expressway (Igbo-Efon Bus stop), Lekki, Lagos",Ibeju/Lekki ,Lagos
Phoenix Eye Clinic Ltd - Sangotedo,Optical,"Jochy Complex, KM 47, Lekki-Epe Expressway (Form Bus Stop), Sangotedo, Lagos",Ibeju/Lekki ,Lagos
Porters House Eye Clinic - Lekki,Optical,"Brassars Place, 10, Admiralty Way, Beside Ebeano Super Market, Lekki Phase 1, Lagos.",Ibeju/Lekki ,Lagos
Preston Hospital,Medical,"20, Olaitan Sebanjo Street, Off Admiralty Way, Lekki Phae 1, Lagos.",Ibeju/Lekki ,Lagos
Primefort Hospital Nigeria Limited,Medical,"35c, Ajiran Road, Agungi, Lekki Peninsula, Lagos State.",Ibeju/Lekki ,Lagos
Queensway Hospital,Medical,"KM 15, Lekki-Expressway, Ikota, Lagos.",Ibeju/Lekki ,Lagos
RUBICON EYE CLINIC,Medical,"SUITE J49, ROAD 5, IKOTA SHOPPING COMPLEX, AJAH",Ibeju/Lekki ,Lagos
St. Angela’s Hospital,Medical,"Igbojia Road, Shapati, Ibeju Lekki, Lagos.",Ibeju/Lekki ,Lagos
St. Joseph's physiotherapy clinic,Medical,"21b Christ avenue, off Admiralty road, lekki phase 1",Ibeju/Lekki ,Lagos
UDAN'S MEDICAL,Medical,"30, Olive Garden Estate, Abijo, Ajah",Ibeju/Lekki ,Lagos
VIGOR HOSPITAL,Medical,"10, KINGDOM HALL STREET, OFF FIDISO ESTATE ABIJO, IBEJU LEKKI",Ibeju/Lekki ,Lagos
WELLROSE MEDICAL CENTRE,Medical,21b Adewunmi Adebimpe Drive Marwa Bustop Lekki Phase1,Ibeju/Lekki ,Lagos
William Thorpe Medical Centre,Medical,"Road 22, Ikota Villa Estate, Lekki Expressway, Lekki Lagos.",Ibeju/Lekki ,Lagos
STAR REHOBOTH MEDICAL CENTRE,Medical,"23, OLADAPO OKE STREET OFF OLD OTA ROAD BY MOSALASHI BUS STOP ALAGBADO",Ifako-Ijaiye,Lagos
UPTOWN MEDICAL CENTRE,Medical,60 AGBADO ROAD IJAIYE OJOKORO LAGOS,Ifako-Ijaiye,Lagos
Araba Medical Centre,Medical,"122, Ekoro-Agbelekale Road, Big Joy B/stop, Abule Egba, Lagos.",Ifako-Ijaye  ,Lagos
Longing Medical Centre,Medical,"1, Josepha Close off Oguntana Ogundeji Street, by Ajala Bus-stop, Ijaye, Ojokoro, Lagos.",Ifako-Ijaye  ,Lagos
A'SRADIANCE SPECIALIST HOSPITAL,Medical,"5, ADERII AJITE STREET, BAKERY BUS STOP, OFF AIT ROAD, ALAGBODO",Ikeja ,Lagos
Adefemi Hospital Limited,Medical,"49, Seriki-Aro Avenue, Off Obafemi Awolowo Way, Ikeja, Lagos.",Ikeja ,Lagos
Aristoothcrat Dental Clinic,Dental,"25, Salvation road, Opebi,Ikeja",Ikeja ,Lagos
BARBINTON MEDICAL CENTRE KETU,Medical,9 SAMUEL ANIBABA STREET IYANA SCHOOL B/STOP KETU,Ikeja ,Lagos
BEACONHILL SMILE CLINIC - Ikeja,Dental,"50-52, Toyin Street, Opposite Domino Pizza, Ikeja, Lagos.",Ikeja ,Lagos
Beracca Eye Clinic Ltd - Ikeja,Optical,"74, Adeniyi Jones Avenue, Ikeja, Lagos.",Ikeja ,Lagos
BLOSSOM DENTAL CLINIC AND BRACES CENTRE,Dental,"94,ABA ROAD, GARRISON PORT HARCOURT",Ikeja ,Lagos
Blu Rays Eye Care,Optical,"8, Thomas Salako Street, Ogba Ikeja, Lagos.",Ikeja ,Lagos
Blue Cross Hospital,Medical,"48, Ijaiye road, Ogba, (Beside UBA, Ikeja)",Ikeja ,Lagos
Breeze Smile Dental Specialist Clinic,Dental,"Nikky Africana Plaza, 70c, Allen Avenue, Ikeja, Lagos.",Ikeja ,Lagos
Bridge Medicentre - Ikeja,Medical,"66, Oduduwa Way, Ikeja GRA Lagos.",Ikeja ,Lagos
Bridge Staff Clinic,Medical,"66, Oduduwa Way, Ikeja GRA Lagos.",Ikeja ,Lagos
CARNAMED SPECIALIST CLINIC,Medical,"137, OGUDU ROAD, LAGOS",Ikeja ,Lagos
Cathem Eye Hospital,Optical,"78, Adeniyi Jones, Ikeja, Lagos.",Ikeja ,Lagos
CEDAR EYE CLINIC LTD,Optical,PLOT F1A-B ABACHA ROAD G.R.A 111 BY HEALTH BRIDGE COMPLEX.,Ikeja ,Lagos
Chion Family Medical Centre,Medical,"3, Oki Lane, Mende, Maryland, Lagos.",Ikeja ,Lagos
Choice Optical and Surgical Services LTD - Ikeja,Optical,"34 ALLEN AVENUE, IKEJA. LAGOS",Ikeja ,Lagos
CITY OF HOPE HOSPITAL,Medical,"KM7,BENIN SAPELE ROAD, BEFORE WINNERS CHAPEL, BENIN CITY",Ikeja ,Lagos
COUNTY HOSPITAL LTD,Medical,"42/45, Isheri Road, Ogba, Ikeja, Lagos",Ikeja ,Lagos
DAVESTAR HOSPITAL,Medical,"1, ADEWUMI STREET, OYEDELE BUS STOP, OFF IJEGUN ROAD ISHERI OSHUN LAGOS STATE.",Ikeja ,Lagos
Dupsnl Vision Eye Clinic,Optical,"No 14, Toyin Street, Ikeja, Lagos",Ikeja ,Lagos
"Enny Eyecare, Ikeja",Optical,"Suite 3-4, Amethyst Block, All Seasons Plaza, Ikeja, Lagos",Ikeja ,Lagos
Evans Dental Services Ltd - Ogba,Dental,"13A, Ajayi Road, Off Yaya Abatan Road, Ogba, Lagos.",Ikeja ,Lagos
Evanson Medical Centre Limited,Medical,"2A, Iyalode Close, Off Ajayi Road, Oke-Ira, Ogba, Lagos.",Ikeja ,Lagos
Eye Diagnostic Optical Services Centre,Optical,"11, Adeboye Solanke Street, Off Allen Avenue, By First Bank Bus stop, Ikeja, Lagos.",Ikeja ,Lagos
FINEVIEW SPECIALIST HOSPITAL,Medical,"NO 57, DEMURIN STREET, KETU",Ikeja ,Lagos
Finnih Medical Centre,Medical,"42, Oduduwa Crescent, G.R.A, Ikeja",Ikeja ,Lagos
FIRST EYE CLINIC - Ogba Ikeja,Optical,"6, IJAIYE ROAD, BTW KFC AND MOBIL FILLING STATION, 1ST GATE B/STOP, OGBA",Ikeja ,Lagos
FOCUS EYE CENTRE,Optical,"17, Ijaiye Road, Opposite WAEC Office, Ogba, Lagos.",Ikeja ,Lagos
Forst Eye Clinic - Ogba,Optical,"14, Kayode Street, Off Ijaye Road, Between Tastee Fried Chicken And Normal Children's School, By Catepillar Bus stop, Ogba, Lagos",Ikeja ,Lagos
HANOVILLE SPECIALIST HOSPITAL,Medical,"14, Iyere Okojie Crescent, Off Oloyede Crescent, Ndike B/stop Obawole, Ogba",Ikeja ,Lagos
Hephzibah Eye Care - Ikeja,Optical,"50, Oba Akran Avenue, Opposite UBA Bank, Ikeja, Lagos.",Ikeja ,Lagos
Hygei Dental & Eye Clinic - Ikeja,Dental,"14, Sowemimo Street G.R.A. Ikeja",Ikeja ,Lagos
Hygei Eye Clinic - Ikeja,Optical,"14, Sowemimo Street G.R.A. Ikeja",Ikeja ,Lagos
Ikeja Medical Centre,Medical,"11, Ogunmodede Street, Off Allen Avenue, Ikeja",Ikeja ,Lagos
Isalu Hospital Limited,Medical,"349B, Odusami Street, Off Wempco Road, By AY Hotels, Ogba Ikeja, Lagos",Ikeja ,Lagos
Liberty Specialist Hospital,Medical,"12, Ajanaku Street, Off Salvation Road, Awuse Estate, Opebi, Ikeja, Lagos.",Ikeja ,Lagos
Macedonia Specialist Hospital,Medical,"28, Ijaiye Road, Ogba, Lagos.",Ikeja ,Lagos
"MANNYCH EYE CLINIC, IKORODU",Medical,67 AYANGBUREN ROAD BESIDE OLUBI JUNCTION IKORODU LAGOS,Ikeja ,Lagos
Medwin Hospital,Medical,"8, Ologun Street, Oke-Ira, Ogba, Ikeja, Lagos.",Ikeja ,Lagos
Mega Vision Eye Clinic - Ikeja,Optical,"15, Allen Avenue, Ikeja",Ikeja ,Lagos
Motayo Hospital,Medical,"3, Owodunni Street, Off Amore Street, Off Toyin Street, Ikeja",Ikeja ,Lagos
OPTIMIST DENTAL CLINIC,Dental,"147/149 EKORO ROAD, BESIDE LITTLE SAINT ORPTHANAGE, OPPOSITE ROVERS HOTEL .",Ikeja ,Lagos
Orthoplus Dental Specialists,Dental,"Oasis House, 10, Mobolaji Bank Anthony Way, Maryland, Ikeja, Lagos.",Ikeja ,Lagos
OXYBELLE EYE CLINIC,Optical,"37, Adeniyi Jones Avenue, Off Oba Akran, Ikeja",Ikeja ,Lagos
Paelon Memorial Clinic - Ikeja,Medical,"9, Ajao Road, Off Adeniyi Jones, Ikeja, Lagos.",Ikeja ,Lagos
Paulate Hospital Limited,Medical,"23 peak Thomas Bright street,behind ALT/Ray power Alagbado",Ikeja ,Lagos
Peak Eye Care Limited - GRA Ikeja,Optical,"37, Joel Ogunnaike Street, G.R.A., Ikeja, Lgos.",Ikeja ,Lagos
Peak Eye Care Limited - Oregun Ikeja,Optical,"8b, Ikosi Road, Oregun Ikeja, Lagos.",Ikeja ,Lagos
QUEEN STELLA SPECIALIST HOSPITAL,Medical,"20 WAIDI ADEYEMI CRESCENT, AKESAN, IGANDO, LAGOS",Ikeja ,Lagos
Queens Specialist Hospital - Lagos,Medical,"3B, CMD Road, Magodo GRA, Magodo, Lagos.",Ikeja ,Lagos
Radiant Optics Ltd - Ikeja,Optical,"103, Allen Avenue, Ikeja, Lagos.",Ikeja ,Lagos
"RAVE DENTAL CLINIC, IKEJA",Dental,"NO5, COLLEGE ROAD OGBA IKEJA",Ikeja ,Lagos
REM-YEMS HOSPITAL,Medical,INTERNAL MEDICINE GENERAL SURGERY GYNAE COLOGY OBSTETRICS CARDIOLOGY,Ikeja ,Lagos
Requis Eye Care Limited,Optical,"Olatunji House, (Ground Floor), 299, Ikorodu Road, Idiroko Maryland, Lagos",Ikeja ,Lagos
Sightcity Eye Clinic - Maryland,Optical,"10, Mobolaji Bank Anthony Way, Opposite Sofisticat, Maryland, Ikeja, Lagos.",Ikeja ,Lagos
Silkin Hospital Limited,Medical,"1, Wahab Folorunsho Lane, Ologun Bus stop, Oke-Ira, Ogba, Lagos.",Ikeja ,Lagos
SNOW WHITE DENTAL CLINIC,Dental,"9,NURUDEEN STREET ANIFOWOSHE, IKEJA, LAGOS.",Ikeja ,Lagos
Sparkview Hospital Ltd,Medical,"20A, Wilmer Street, Isheri Oke, Ojodu Berger, Lagos.",Ikeja ,Lagos
SPRINGSWORTH SPECIALIST HOSPITAL,Medical,"1 IFEDAPO AVENUE, ASCON BUS/STOP, IBAFO, LAGOS-IBADAN EXPRESSWAY.",Ikeja ,Lagos
St. Claver Hospital Ltd,Medical,"780, Somide Odujirin Avenue, Omole Phase 2, Berger Area, Ikeja, Lagos.",Ikeja ,Lagos
"St. Louis Catholic Hospital, Owo",Medical,"PMB 1043, Oke-Ogun Street, Owo, Ondo state",Ikeja ,Lagos
ST. STEPHEN EYE CLINIC,Optical,"314, UGHELI PATANI ROAD",Ikeja ,Lagos
St. Timothy Catholic Hospital,Medical,"16, Otunba Street, Off Yakoyo Ojodu, Lagos.",Ikeja ,Lagos
Swift Eyecare Limited - Ikeja,Optical,"90, Allen Avenue, (Wuraola House), Ikeja, Lagos.",Ikeja ,Lagos
TAMARIS MEDICAL CENTRE LIMITED,Medical,ACO/AMAC HOUSING ESTATE PLOT 1 PHASE1 AIRPORT ROAD,Ikeja ,Lagos
The Brighthope Specialist Hospitals,Medical,"530, Lateef Jakande Road, Agidingbi, Ikeja, Lagos.",Ikeja ,Lagos
The Brook Haven Hospital Ltd,Medical,"38B,Ajanaku street,Awuse Estate,Off sALVATION road, Opebi,Ikeja Lagos State",Ikeja ,Lagos
"The Eye Doctor's, Ikeja",Optical,"60, Toyin Street, (Opposite Heritage Bank), Ikeja, Lagos.",Ikeja ,Lagos
THE SMILE HQ DENTAL EXPERTS,Dental,"73,COKER ROAD, ILUPEJU LAGOS.",Ikeja ,Lagos
Tmac Specialist Hospital,Medical,"10, Irewole Street, Off Opebi Link Bridge, Opebi Lagos.",Ikeja ,Lagos
Tolu Hospital,Medical,"71, Ayo-Alabi Street, Oke-Ira, Ajayi Road, Ogba Ikeja, Lagos.",Ikeja ,Lagos
Ultimate Eye Clinic - Ikeja,Optical,"50/52, Toyin Street, Ikeja, Lagos.",Ikeja ,Lagos
Vision Home Eyecare,Optical,"29, Opebi Road, Ikeja, Lagos",Ikeja ,Lagos
VISION PLUS SPECIALIST EYE CLINIC,Optical,"10, OMOTAYO OJO STREET OFF MAJEKODUNMI ALLEN AVENUE",Ikeja ,Lagos
Visionnex Specialist Clinic Ltd,Optical,"Suit 308, Meros Plaza, Plot 781B, Sommide Odujiran Avenue, Omole Phase 2, Lagos.",Ikeja ,Lagos
WhiteGold Dental Clinic,Dental,"41, Oyedele Ogunniyi Street, Anthony Village, Lagos.",Ikeja ,Lagos
YANGA DENTAL CLINIC,Dental,"78, Bode Thomas Street, Surulere",Ikeja ,Lagos
ZOE MEDICAL CENTRE LTD,Medical,"20, Gbemisola Street, Off Allen-Avenue, Ikeja, Lagos.",Ikeja ,Lagos
CYPRESSHILL HOSPITAL,Medical,"14, OLANREWAJU STREET, OFF OREGUN ROAD",Ikeja ,Lagos
FANIMED HOSPITAL,Medical,"LILY HOUSE, IJAIYE MEDIUM HOUSING ESTATE, PHASE IV, OGBA, IKEJA, LAGOS",Ikeja ,Lagos
RHEMAHAD EYE CLINIC,Medical,"FIRST BANK BUS STOP KUDIRAT ABIOLA WAY, OREGUN",Ikeja ,Lagos
RINCE EYE CARE LIMITED,Medical,"SUITE 14, FIRST CAPITAL PLAZA; NO. 27 OPEBI ROAD, IKEJA",Ikeja ,Lagos
"St. Mary's Specialist Hospital, Ojodu",Medical,"458, Titilayo Adedoyin Street, Omole Phase 1",Ikeja ,Lagos
IRE-ANU HOSPITALS,Medical,"120, LAGOS ROAD, HARUNA IKORODU LAGOS",Ikorodu,Lagos
MANNYCH EYE CLINIC,Medical,HEAD OFFICE: 8 DAVIES STREET OFF OBANLEARO KETU LAGOSBRANCH: 67 AYANGBUREN ROAD BESIDE OLUBI JUNCTION IKORODU LAGOS,Ikorodu,Lagos
SOLACE DENTAL CLINIC,Medical,"118,LAGOS ROAD OPPOSITE ACCESS BANK,ARUNA BUS STOP, IKORODU.",Ikorodu,Lagos
"SOLACE DENTAL CLINIC, ODOGUYAN",Dental,Kabir Mohammed(odoguyan branch).,Ikorodu,Lagos
ARUNA OGUN MEMORIAL SPECIALIST HOSPITAL,Medical,"2/4, Bammosu Street, Ebute, Ikorodu, Lagos",Ikorodu ,Lagos
Bernice Clinic - Ikorodu,Medical,"8, Sanyaolu Street, Oriokuta Agric, Ikorodu, Lagos.",Ikorodu ,Lagos
"Bidems Victory Hospital - Goshen House, Idi-Iroko",Medical,"226, Lagos Road, Goshen House, Opposite Government College, Idi_iroko, Ikorodu, Lagos.",Ikorodu ,Lagos
Bidems Victory Hospital - Isawo Agric,Medical,"Simco Ummemmekwu Street, Off Isawo Road, okiki bus stop, Agric, Ikorodu, Lagos.",Ikorodu ,Lagos
Blue Crescent Hospitals Limited,Medical,"5, Rotimi Ogunmola Street, Ayegabmi Estate, Imowonla via Gberigbe, Ikorodu Lagos.",Ikorodu ,Lagos
Brentwood Medical Center,Medical,"54, Shagamu Road, Ikorodu, Lagos.    9, Ojokoro-Eyita Road, Ikorodu, Lagos.",Ikorodu ,Lagos
COSAN HOSPITAL,Medical,"House 6, Ola Balogun Street, Behind LG Primary School Igbe Laara Via Oreyo Ikorodu",Ikorodu ,Lagos
Dans Medical Centre,Medical,"46, Thomas Olaniyan Street, Irawo, Ikorodu, Lagos.",Ikorodu ,Lagos
DERABS MEDICAL CENTRE,Medical,"11, AFOLABI SHOBERU STREET OFF ODOFIN ROAD IGBOGBO IKORODU",Ikorodu ,Lagos
Diphillab Vision Care & Optical Services Ltd,Optical,"38, Isawo Road, Owutu, Agric, Ikorodu, Lagos.",Ikorodu ,Lagos
Divine Dental Home - Ikorodu,Dental,"91b, Lagos Road, Internal Revenue Tax Office, Haruna Bus Stop, Ikorodu, Lagos.",Ikorodu ,Lagos
Fidei Eye Centre Limited,Optical,"69, Lagos Road, Agric B/stop, Ikorodu, Lagos.",Ikorodu ,Lagos
Hopewell Hospital Limited,Medical,"3, Alhaji Badru Kassim Street, Off Abraham Oke Street, Ebute, Ikorodu, Lagos.",Ikorodu ,Lagos
Jobi Clinic And Maternity Hospital,Medical,"3/5, Adeyeri Owuyo Street, Off Lagos Road, Ikorodu, Lagos.",Ikorodu ,Lagos
Katis Medical Centre,Medical,"1, Orenuga Street, Off Shamsideen Jaiyesimi Street, Aga Ikorodu, Lagos.",Ikorodu ,Lagos
KING'S COURT HOSPITAL,Medical,"PLOT 2 ROAD 1B, ITAMOPE BY LUCKY FIBRE BUS-STOP, IKORODU",Ikorodu ,Lagos
Life Guard Hospital,Medical,"32, Babatunde Adegboyega Street, Ibeshe Road, Ikorodu, Lagos.",Ikorodu ,Lagos
LIFESHADE HOSPITAL AND MEDICAL FACILITIES LTD,Medical,"3, OSHENIGBEHIN STREET, OFF AWOLOWO WAY, BESIDE MOBIL FILLING STATION, GRAMMAR  SCHOOL OTA-ONA, IKORODU",Ikorodu ,Lagos
LIVING WELL HOSPITAL,Medical,"5, Itokin Road, Beside Faramed Filing Station, Parafa Ikorodu",Ikorodu ,Lagos
Oak Hospitals,Medical,"191, Lagos Road, Ikorodu.",Ikorodu ,Lagos
Ocuville Eye Centre - Ikorodu,Optical,"134, Lagos Road, (Blue House) By Jumofak Bus stop, Opp. Con Oil, Ikorodu, Lagos.",Ikorodu ,Lagos
OLADAPO MEDICAL CENTRE,Medical,"OMITORO BUS STOP,ALONG IJEDE ROAD, IKORODU",Ikorodu ,Lagos
OPELOYERU HOSPITAL LTD,Medical,"ITELE-DIGBALOYE MAYA, IKORODU",Ikorodu ,Lagos
Palmville Medical Centre,Medical,"10, Mulikat Onisiwo Street, Igbo Oluwo Estate, Jumofak Bus stop, Ikorodu, Lagos.",Ikorodu ,Lagos
Peak Eye Care Limited - Ikorodu,Optical,"15, Shagamu Road, Opposite Police Barracks, Ikorodu, Lagos.",Ikorodu ,Lagos
Rolayo Medical Centre - Benson Ikorodu,Medical,"5, Sule Maito Street, Benson Bus stop, Ikorodu, Lagos.",Ikorodu ,Lagos
Rolayo Medical Centre - Odogunyan Ikorodu,Medical,"35, Odonla Road, Odogunyan, Ikorodu, Lagos.",Ikorodu ,Lagos
Shanu Medical Centre Limited,Medical,"8, Dada Apena Close By UBA B/stop, Off Lagos Express Road, Ikorodu, Lagos.",Ikorodu ,Lagos
SHOLA MEDICAL CENTER,Medical,"108, OBA OMOLAJA OGUNLEWE ROAD IGBOGBO IKORODU LAGOS STATE",Ikorodu ,Lagos
SMART BAY DENTAL CLINIC,Dental,"76, TOS BENSON ROAD (BEACH ROAD), OPPOSITE MOBIL FILLING STATION, GENERAL HOSPITAL ROAD, IKORODU, LAGOS",Ikorodu ,Lagos
ST EVEREST HOSPITAL,Medical,"3, FATIMA BINTU STREET, SHOLABO ESTATE, EBUTE-IKORODU",Ikorodu ,Lagos
Stevans Hospital,Medical,"17, Ori-Okuta Road, Off Isawo Road, Agric Ikorodu, Lagos.",Ikorodu ,Lagos
Sure Hope Hospital,Medical,"1, Loj Avenue, Baale Bus stop, Igbo-Olowu Off Isawo Road, Agric, Ikorodu, Lagos.",Ikorodu ,Lagos
The Excellence Hospital (Omots Medical Services Ltd),Medical,"5, Alogba Street, Off Ibeshe Road, Opp. Voice Of Nigeria, Ebute, Ikorodu, Lagos.",Ikorodu ,Lagos
Victory Life Specialist Hospital,Medical,"15, Ilupeju Estate Phase 3, Abule-Eko b/stop, Ijede Road, Ikorodu, Lagos.",Ikorodu ,Lagos
Victory Life Specialist Hospital (Ophthalmology Centre),Optical,"15, Ilupeju Estate, Phase 3, Abule-Eko B/stop, Ijede Road, Ikorodu, Lagos.",Ikorodu ,Lagos
AL-SADIQ HOSPITAL,Medical,"21, Ayifat Street,Kosofo Mile 12",Kosofe ,Lagos
Bernice Clinic - Mile 12,Medical,"5, Fadare Street, Mile 12, Lagos.",Kosofe ,Lagos
Beyond Smile Dental Clinic,Dental,"99, Demurin Street, Alapere, Ketu, Lagos.",Kosofe ,Lagos
Deji Clinic - Ketu,Medical,"5, Doyin Omololu Street, Off Mr Biggs junction, Oba-Nle Aro Bus Stop, Ketu Alapere",Kosofe ,Lagos
Delta Crown Hospital & Maternity Home,Medical,"14, Ajayi Street, Ketu",Kosofe ,Lagos
HAYY'S HAVEN HOSPITAL,Medical,"18 Olatunji Ladipo St, Ikosi Ketu Lagos",Kosofe ,Lagos
MODERN EYE CLINIC,Optical,"16/18, Ogunnusi Road, Opposite Omole Phase 1",Kosofe ,Lagos
Ocuville Eye Centre - Ogudu,Optical,"95, Ogudu Road, Off Ogudu/Ojota Road, Abule Bustop, Lagos.",Kosofe ,Lagos
Med-In Specialist Hospital,Medical,"1, Osogbo Street, Off Celestial Way, Ogudu, Ojota",Kosofe ,Lagos
Oasis Dental Clinic Ltd,Dental,"10, Mabinori Dawodu Street, Gbagada Phase 1, By Charly Boy Bus stop, Gbagada, Lagos",Kosofe ,Lagos
Solid Rock Hospital,Medical,"6,Akinsanya Street off Ogunnusi road,Ojodu.",Kosofe ,Lagos
St. Daniel's Hospital - Lagos,Medical,"14, Oduduwa Road, Car Wash Bus stop, Oworonshoki, Lagos",Kosofe ,Lagos
Dental Plus Limited - Victoria Island Lagos,Dental,"268, Muri Okunola Off Ajose Adeogun Street, Victoria Island, Lagos.",Lagos Island,Lagos
"Enny Eyecare, Ikoyi",Optical,"92, Awolowo Road, Ikoyi, Lagos",Lagos Island,Lagos
Faces ‘N’ Braces Dental Clinics,Dental,"Plot 7 Agodogba Drive, Park View Estate Extension, Off Gerrard Road, Ikoyi, Lagos. Nigeria",Lagos Island,Lagos
Hanoba Medical Centre,Medical,"10, Udi street Osborn Foreshore Ikoyi Lagos State.",Lagos Island,Lagos
Jlt Specialist Clinic & Skin Centre,Medical,"1st Floor, 213, Igbosere Road, Lagos Island, Lagos.",Lagos Island,Lagos
"Metro Eye Nig. Ltd - Ikoyi, Lagos",Optical,"20A, Keffi Street, South-West, Off Awolowo,Ikoyi",Lagos Island,Lagos
Mouth Spa Dental Clinic,Dental,"234A, Muri Okunola Street, Victoria Island, Lagos.",Lagos Island,Lagos
Omni Medical Centre,Medical,"18, Boyle street, Onikan",Lagos Island,Lagos
Omnivision Eye Clinic,Optical,"4/6, (Formerly Oil Mill Street) Mobolaji Bank-Anthony Street,Lagos Island",Lagos Island,Lagos
Richmond Dental Clinic,Dental,"26, Maitama Sule Street, off Raymond Njoku Street, SW Ikoyi",Lagos Island,Lagos
Swift Eyecare Limited - Victoria Island,Optical,"Plot 1205,Amodu Ojikutu,off Bishop Oluwole Street,Vistoria Island",Lagos Island,Lagos
Trusight Eye Care Centre,Optical,137/139 Broad street (Eco Bank Building) Lagos Island,Lagos Island,Lagos
Unique Eye Centre Ltd.,Optical,"Suite 101, Edo House, Ahmadu Bello Way, Opp Bar Beach, Victoria Island, Lagos",Lagos Island,Lagos
Aire Dental Clinic - V/I,Dental,"25c, Kofo Abayomi Street, Victoria Island, Lagos.",LagosIsland ,Lagos
All Smiles Dental Clinic,Dental,"7, T.F. Kuboye Street, Opposite Church Of God Mission, Oniru, V/I, Lagos.",LagosIsland ,Lagos
Awoliyi Memorial Hospital And Maternity,Medical,"183, Bamgbose Street, Lagos Island, Lagos",LagosIsland ,Lagos
BEACONHILL SMILE CLINIC - Victoria Island,Dental,"8A, ADEOLA ODEKU STREET, VICTORIA ISLAND, LAGOS",LagosIsland ,Lagos
Blajeh Mustapha Hospital (BMH),Medical,"48, Foresythe Street, Lagos Island, Lagos.",LagosIsland ,Lagos
Choice Optical and Surgical Services LTD - V/I,Optical,"1619, Danmole Street, Idejo, Off Adeola Odeku, Victoria Island, Lagos",LagosIsland ,Lagos
DE-LAKELAND IMPERIAL MEDICAL CENTRE,Medical,180 AWOLOWO WAY ITAMAGA LAGOS,LagosIsland ,Lagos
Divine Medical Centre,Medical,"53, Norman Williams Street, Off Ribadu Road, South West, Ikoyi, Lagos.",LagosIsland ,Lagos
Eliora Rose Opticians Ltd,Optical,"21, Oju Olobun Close, Off Bishop Oluwole Street, Victoria Island, Lagos.",LagosIsland ,Lagos
Eyelanders Eyeclinic,Optical,"July 5th mall, 19b bisola durosinmi Etti drive lekki phase1",LagosIsland ,Lagos
Faratori Eye Centre,Optical,"187, Igbosere Road, Lagos Island",LagosIsland ,Lagos
Hephzibah Eye Care - Victoria Island,Optical,"32, Ademola Adetokubo Street, Besides Sterling Bank, Victoria Island, Lagos.",LagosIsland ,Lagos
Optimum View Ltd,Optical,"27/29, King George V Road, Onikan, Lagos.",LagosIsland ,Lagos
Premiere Eye Centre,Optical,"290A, Ajose Adeogun street, Victoria Island, Lagos",LagosIsland ,Lagos
Rabboni Dental Clinic - Victoria Island,Dental,"FMDA Building, Plot 1398b, Tiamiyu Savage Street, Opposite DSTV Office, V?I, Lagos.",LagosIsland ,Lagos
Radiant Optics Ltd - Broad Street,Optical,"Banuso House, 88/92, Broad, Street, by Tinubu Square, Lagos Island, Lagos.",LagosIsland ,Lagos
Radiant Optics Ltd - Ikoyi,Optical,"96, Awolowo Road, Ikoyi, Lagos.",LagosIsland ,Lagos
Radiant Optics Ltd - V/I,Optical,"Plot 73, Adeola Odeku Street, XYLO Plaza, Ground Floor beside KFC, V/I, Lagos.",LagosIsland ,Lagos
TENTORIUM MEDICALS,Medical,"41, GILBERT ODIOR STREET, UNITY HOMES, THOMAS ESTATE, AJAH, LAGOS",LagosIsland ,Lagos
AVICENA HOSPITAL,Medical,"BLOCK 15 PLOT 25, AYODELE FANOIKI STREET MAGODO GRA PHASE 1LAGOS.",LagosMainland ,Lagos
BEACHLAND SPECIALIST HOSPITAL MOWE,Medical,156 OFADA ROAD MOWE FORMER MOKOLOKI LCDA OFFICE,LagosMainland ,Lagos
DENTAL DELIGHTS,Dental,"16, ASSOCIATION AVENU ILUPEJU LAGOS",LagosMainland ,Lagos
DFO Hospital,Medical,"1, Bolaji Adewole Lane, Pako, Akoka, Lagos",LagosMainland ,Lagos
ETERNAL LIFE HOSPITAL,Medical,"31, Iganmu Road,  Sari Iganmu",LagosMainland ,Lagos
"First Mobile Dental Care, Yaba",Dental,"44b, Montgomery Road, Yaba, Lagos.",LagosMainland ,Lagos
"GREENLIFE HOSPITAL LIMITED, ILUPEJU",Medical,"15, Association Avenue, Ilupeju",LagosMainland ,Lagos
Ingress Health Partners,Medical,"188 Borno Way,Ebute  Meta",LagosMainland ,Lagos
Mega Vision Eye Clinic - Yaba,Optical,"3, Hughes Avenue, Alagomeji, Yaba, Lagos.",LagosMainland ,Lagos
PEAK EYE CARE,Medical,"44,IKOSI ROAD, IKOSI-KETU, IKOSI SHOPPING MALL, OPPOSITE KETU/ISERI LCDA, IKOSI KETU.",LagosMainland ,Lagos
PERLE DENTAL CLINIC,Dental,"Suite 10,Veteran Plaza,433 Herbert Macauley Yaba Lagos",LagosMainland ,Lagos
"SKIPPER EYE Q SUPER SPECIALIST HOSPITAL, Ilupeju",Medical,"34/36, Association Avenue, Insurance House-B, Ilupeju",LagosMainland ,Lagos
SWIFT EYECARE LTD - GBAGADA,Optical,"No 33 Ajayi Aino street. Beside Shop City Supermarket, Opposite UBA Bank, GgbagadaIfako, Gbagada.",LagosMainland ,Lagos
ZETA DENTAL,Dental,"289 BORNO WAY, ALAGOMEJI-YABA, LAGOS",LagosMainland ,Lagos
HEALING TOUCH HOSPITAL,Medical,"42, OLUDEGUN AVENUE, IRE-AKARI ESTATE, ISOLO",Mushin ,Lagos
HILLSTAR CLINICS NIG. LTD,Medical,"98, Palm Avenue, Papa Ajao, Mushin, Lagos.",Mushin ,Lagos
LIVES FOUNTAIN MEDICARE,Medical,"28, Godwin Omonua Street, Isolo, Lagos",Mushin ,Lagos
PAVIK EYE CLINIC,Optical,"ROYAL PLAZA, 112 MUSHIN RD ISOLO LAGOS",Mushin ,Lagos
"RAVE DENTAL CLINIC, MUSHIN",Dental,"NO 5B COLLEGE ROAD, OGA, NO 5 OWHIN STREET, MUSHIN, LAGOS.",Mushin ,Lagos
FITPLUS HEALTHCARE LIMITED,Medical,"99,PALM AVENUE MUSHIN OPPOSITE, METHODIST CHURCH",Mushin ,Lagos
"May Clinics Ltd., Ilasamaja",Medical,"24/26, Sadiku Street, off Apapa-Oshodi Expressway, Ilasamaja, Lagos",Mushin ,Lagos
"May Clinics Ltd., Ilupeju",Medical,"20, Sura Mogaji Street, Ilupeju",Mushin ,Lagos
PERFECT TRINITY HOSPITAL,Medical,"13, TAIWO STREET ILASAMAJA ISOLO LAGOS",Mushin ,Lagos
J.A. Lashman Hospital ,Medical,"9, Adedosu Street, Off Akilo Road, Off Oba Akran, Ogba, Lagos.",Ogbaru ,Lagos
Royash Dental Clinic,Dental,"Plot 10, Ogunusi road, (Opposite County Hospital, County B/Stop), Ogba, Ikeja",Ogbaru ,Lagos
Ademola Hospital and Maternity,Medical,"1, Omowale Street, Ijanikin, Lagos",Ojo ,Lagos
BLOSSOM HOSPITAL & MATERNITY,Medical,"8, Martins Street, Igboelerin, Iba",Ojo ,Lagos
CarePoint Hospital Ojo Limited,Medical,"9, Abbi Street, Off Shibiri Road, Rasaki B/stop, Ilemba Awori, Ajangbadi, Lagos.",Ojo ,Lagos
CARES AND CARES HOSPITAL LIMITED,Medical,"1B OLUBIYI STREET, OFF GREAT CHALLENGE ROAD BY 2ND TRANSFORMER BUS-STOP, IYANA SCHOOL, IBA OJO LAGOS",Ojo ,Lagos
Charles Henry Specialist Hospital,Medical,"28, Community Road, Satellite Town, Lagos.",Ojo ,Lagos
De-New Aiyetoro Medical Centre,Medical,"3, Samson Street, Ibasa-Nla Aiyetoro Ijanikin",Ojo ,Lagos
Goodness Medical Centre - Ojo,Medical,"151, Shibiri Road, Ajangbadi, Lagos",Ojo ,Lagos
Graceland Medical Centre,Medical,"Km 5, LASU-Isheri express road, Opposite Iba housing estate",Ojo ,Lagos
Healing Land Hospital And Maternity,Medical,"106, Oke-Agbo, Oke-Agbo Road, Ojo, Lagos.",Ojo ,Lagos
Ilogbo Central Hospital,Medical,"175, Ilogbo Road, Off Alaba International Market, Ajangbadi, Ojo, Lagos.",Ojo ,Lagos
Jaf Dental Clinic Ltd.,Dental,"Badagry Expressway, Ojo",Ojo ,Lagos
Trinity Rock Hospital And Maternity,Medical,"6, Oyedele Street, Igboe-Lerin, Ojo, Lagos.",Ojo ,Lagos
Trust In God Medical Centre,Medical,"18, Cele Street, Off Ariyo Street, Mile 10, Volks Ojo Alaba, Lagos.",Ojo ,Lagos
ALBINA MAJEEL SPECIALIST HOSPITAL,Medical,"13, ASANNI STREET,  VICTORY ESTATE, IBA- OJO LAGOS",Ojo ,Lagos
EL-DUNAMIS MEDICAL CENTRE,Medical,"17, KING SOLOMON STREET, ARAROMI BUS-STOP, OFF LASU- ISHERI, AKESAN, LAGOS",Ojo ,Lagos
Elphy Specialist Hospital,Medical,"6, Taskforce Road,PPL,Okokomaiko",Ojo ,Lagos
EVER LIFE HOSPITAL,Medical,"3, PETER EDOJO ST. IJANIKIN LAGOS",Ojo ,Lagos
God Cures Hospital - Ajangbadi,Medical,"19, Era Road, Adjacent Advato Hotel, Ajangbadi",Ojo ,Lagos
Ibijola Medical Centre,Medical,"31, Lagos/Badagry Expressway, Agbara Busstop, Agbara",Ojo ,Lagos
Kiladejo Medical Centre,Medical,"15, PPL Road, Okokomaiko",Ojo ,Lagos
Rophe Medical Centre,Medical,"23, Anambra Crescent, Agbara Estate",Ojo ,Lagos
AGO MEDICAL CENTRE,Medical,"6, OYINLOLA CLOSE, AGO PALACE WAY, OKOTA, ISOLO",Oshodi-Isolo ,Lagos
Bose Specialist Hospital,Medical,"7, Ilori Street, Ire-Akari Estate, Isolo, Lagos.",Oshodi-Isolo ,Lagos
Brighthouse Dental Clinic,Dental,"1 Chivita Avenue, 2/4, Jay Momoh Street, Ajao Estate, Lagos.",Oshodi-Isolo ,Lagos
Care 32 Dental Clinic,Dental,"15, Osolo way (opp UBA PLC) off Int'l Airport Road, Ajao Estate",Oshodi-Isolo ,Lagos
Dialyzer Medical Centre,Medical,"60, Arowojobe street, Oshodi, Lagos",Oshodi-Isolo ,Lagos
Divine Grace Healing Stripes Hospital,Medical,"3, Shobogun Rofa Street, Mafoluku Oshodi, Lagos.",Oshodi-Isolo ,Lagos
Dolu Hospital,Medical,"7, Sunmola Abayomi Street, Mafoluku, Oshodi, Lagos.",Oshodi-Isolo ,Lagos
Dothan Eye Centre,Optical,"108, Ago Palace Way, By Femi Kila Bus stop, Okota, Isolo, Lagos.",Oshodi-Isolo ,Lagos
GOODSEED SPECIALIST CLINICS,Medical,"42, Lateef Salami St., Ajao Estate, Lagos.",Oshodi-Isolo ,Lagos
"GREENLIFE HOSPITAL, OKOTA",Medical,"28, Owolabi Street, Off Ago Palace Way, Isolo, Lagos.",Oshodi-Isolo ,Lagos
Heals Specialist Clinic,Medical,"40b, Godwin Omonua Street, Ireakari Estate, Isolo",Oshodi-Isolo ,Lagos
HEDA HOSPITAL,Medical,"2B, Nwabueze Close Off Princess Aina Jegede Close, Ajao Estate, Lagos.",Oshodi-Isolo ,Lagos
High Rocks Hospital,Medical,"38, Afariogun Street, Mafoluku, Oshodi, Lagos.",Oshodi-Isolo ,Lagos
HOUSE OF JULIUS HOSPITAL,Medical,"57, MURTALA MUHAMMAD INT'L AIRPORT ROAD, AJAO ESTATE, ISOLO, LAGOS",Oshodi-Isolo ,Lagos
MECURE EYE HEALTHCARE,Optical,"Debo Industrial Compound, Plot No. 6, Block H Apapa Oshodi",Oshodi-Isolo ,Lagos
Medicentre Clinic - Isolo,Medical,"153, Mushin Road, Beside LASPOTECH, Isolo, Lagos.",Oshodi-Isolo ,Lagos
Nidus Aquilae Medicals Ltd,Medical,"19, Oba Adetona Street, Sura Mogaji Bus stop, Off Coker Road, Ilupeju, Lagos.",Oshodi-Isolo ,Lagos
Peaceful Health Hospital,Medical,"60, Ijagbemo Road, Shaki bus stop, Ijegun Ikotun, Lagos.",Oshodi-Isolo ,Lagos
Petros Foundation Hospital,Medical,"20, Seinde Callisto str., off Mile 2-Oshodi Exp/Way, oshodi",Oshodi-Isolo ,Lagos
Porters House Eye Clinic - Isolo,Optical,"1, Adekunle Araba Street, By Chemist Bus Stop, Okota, Lagos.",Oshodi-Isolo ,Lagos
SENTINEL HOSPITAL,Medical,"1, Benson Akinyele Street, Oke-Afa, Isolo",Oshodi-Isolo ,Lagos
St. Raphael Hospital Ltd,Medical,"114, Lateef Adegboyega Street, Off Ago Okota Palace Way, Okota, Lagos",Oshodi-Isolo ,Lagos
WIND OF GRACE HOSPITAL,Medical,"5, Folarin Fatusi Street, Ago Palace, Okota",Oshodi-Isolo ,Lagos
AVE DENTAL CLINIC,Dental,"30, AGO PALACE WAY, ESUOLA B/STOP, AGO PALACE WAY.",Oshodi-Isolo ,Lagos
"Faith City Hospital, Ajao",Medical,"16, Asa-Afariogun St., Off Osolo Way, Ajao Estate, Lagos",Oshodi-Isolo ,Lagos
HAFAM MEDICAL CENTER,Medical,"10, OSEBABY/UNITY STREET OKOTA",Oshodi-Isolo ,Lagos
Samaria Hospital,Medical,"17,Dabo Bashorun Street off Ali Dada Street,Okota",Oshodi-Isolo ,Lagos
"DUPSNL VISION EYE CLINIC, SANGO OTA",Optical,"62 Ijoko Road, Sango Ota",Ota,Lagos
Folabi Medical Centre,Medical,78 Oworo Road Oworonshoki,Oworonshoki,Lagos
Ameso Specialist Hospital,Medical,"7, Jumat Olukoya Street, Ogudu, Lagos.",Shomolu ,Lagos
Aniyun Hospital Ltd,Medical,"3, Femi Aderibigbe Close, Ifako, Gbagada, Lagos",Shomolu ,Lagos
Christiana Hospital,Medical,"5, Majiyagbe Street, Pedro Somolu, Lagos",Shomolu ,Lagos
De-Favours Dental Clinic Ltd,Dental,"118, Ogudu Road, Beside CCD Superstores, Ogudu, Lagos.",Shomolu ,Lagos
Dental And Maxillofacial Surgery,Dental,"1, Akindele Street, New Garage, Bariga, Lagos",Shomolu ,Lagos
Family And Friends Hospital Ltd,Medical,"18, Ajayi AIna Street, Ifako Gbagada, Lagos",Shomolu ,Lagos
Happy Family Hospital,Medical,"11, Zainab Crescent, Medina Estate, Gbagada, Lagos.",Shomolu ,Lagos
Life Fountain Medical Centre,Medical,"41, Oyedele Ogunniyi Street, Anthony Village, Lagos.",Shomolu ,Lagos
MARY-ADE SPECIALIST HOSPITAL AND MATERNITY CENTER,Medical,2 TIJANI ASHOGBON STREET ILAJE BUS STOP BARIGA LAGOS,Shomolu ,Lagos
Micel Hospital,Medical,"4, Brown Street, Sholuyi Gbagada, Lagos.",Shomolu ,Lagos
Primrose Specialist Hospital,Medical,"34b, Lanre Awolokun Street, Gbagada Phase 2, Lagos.",Shomolu ,Lagos
PROCARE VISION EYE CLINIC,Optical,"68 Queen street, Alagomeji, Yaba",Shomolu ,Lagos
ROYALIFE SPECIALIST HOSPITAL AND MATERNITY CENTRE,Medical,"2, GEORGE STREET, BESIDE ECOBANK, OFF ONIPANU POLICE STATION, APATA BUS STOP, SHOMOLU, LAGOS",Shomolu ,Lagos
Sparkling Eyes & Optical Services,Optical,"16, Obokun street, off Coker road, Ilupeju, Lagos",Shomolu ,Lagos
Tola Crescent Medical Centre,Medical,"94, St. Finbarrs's Road, Akoka, Lagos.",Shomolu ,Lagos
Vivid Vision Eye Clinic,Optical,"10, Mabinuori Dawodu Street, Gbagada Phase 1, By Charly Boy Bus stop, Gbagada, Lagos.",Shomolu ,Lagos
Ladi-Lak Medical Centre,Medical,"53, Igi Olugbin Street, Bariga, Ladi-Lak Busstop",Shomolu ,Lagos
"Osuntuyi Medical Centre, Obanikoro ",Medical,"9, Alh. Salisu Street, Obanikoro",Shomolu ,Lagos
REMEDY MATERNITY CENTRE,Medical,"32 BARIGA RD, SUNGAS/ B/STOP",Shomolu ,Lagos
ABLEGOD HOSPITAL,Medical,"52,Ijesha Road, Opp. Mobil Petrol Station, Ijesha Road",Surulere,Lagos
Aire Dental Clinic - Surulere,Dental,"30, Enitan Street, Aguda, Surulere, Lagos",Surulere,Lagos
BLUESKY DENTAL CLINIC,Dental,"7, MABO STREET,OFF ISHAGA ROAD,SURULERE,LAGOS.",Surulere,Lagos
BRIGHTONVILLE MULTISPECIALIST HOSPITAL AND CRITICAL,Medical,"No 3 Ebun Street, Lawanson, Surulere, Lagos",Surulere,Lagos
First Cross Hospital,Medical,"2, Oshofisan Street, Itire, Surulere, Lagos.",Surulere,Lagos
First Dominican Hospital,Medical,"27, Aljahi Masha Road, By Masha B/stop, Surulere, Lagos.",Surulere,Lagos
Forst Eye Clinic - Surulere,Optical,"3, Onisemo Street, by Adegoke gate, near Marshal B/Stop, opposite X-Serve Children’s Hospital, Surulere, Lagos.",Surulere,Lagos
FUNTO HOSPITAL,Medical,"141, IJESHA ROAD, ITIRE",Surulere,Lagos
Good Tidings Hospital,Medical,"37/39, Fashoro Street, Surulere, Lagos.",Surulere,Lagos
iHOUSE DENTAL CLINIC - Surulere Lagos,Dental,"8, Afric Road, Iponri, Surulere, Lagos.",Surulere,Lagos
iHOUSE OPTICAL CLINIC - Surulere Lagos,Optical,"8, Afric Road, Iponri, Surulere, Lagos.",Surulere,Lagos
KINGTRUST MEDICAL CENTER,Medical,"105 OGUNLANA DRIVE, SURULERE",Surulere,Lagos
Ladkem Nigeria limited,Optical,"No. 35, Eric Manuel Crescent, Off Bode Thomas, Surulere, Lagos",Surulere,Lagos
Mercy Thomas Oredugba Medical And Dental Centre,Medical,"8, Mogaji Street, Ijeshatedo,  Surulere",Surulere,Lagos
NEWDAY SPECIALIST HOSPITAL,Medical,"2, LADELE STREET, OFF NNOBI STREET, IKATE, SURULERE LAGOS",Surulere,Lagos
Nusamin Clinic and Hospital Limited,Medical,"34, Apena Street, Off Fashoro Street, Surulere, Lagos",Surulere,Lagos
O And S Clinics And Maternity,Medical,"13, Ahme Sreet, Off Folawiyo Crescent, Masha, surulere",Surulere,Lagos
Olaniba Memorial Specialist ,Medical,"10A, Olatunde Onimole Street, Aguda, Surulere",Surulere,Lagos
Optilens Eye Clinic,Optical,"9, Olatunde Close, Off Falolu Road, Surulere, Lagos.",Surulere,Lagos
Phoenix Eye Clinic Ltd - Surulere,Optical,"104, Ogunlana Drive, Opposite Akerele Junction, Surulere, Lagos.",Surulere,Lagos
Primus Hospital Ltd,Medical,"272, Ijesha Road, Ijeshatedo, Surulere, Lagos.",Surulere,Lagos
PULPCARE DENTAL CLINIC,Dental,23 ADELABU STREET SURULERE LAGOS,Surulere,Lagos
Quality Medicare International Clinic,Medical,"1, Ekololu Street, Surulere, Lagos.",Surulere,Lagos
Rapha eye Clinic,Optical,"66A, Tejuosho street, Surulere, Lagos",Surulere,Lagos
Roperb Dental Clinic,Dental,"47, Adelabu Street, Off Masha Roundabout, Surulere, Lagos.",Surulere,Lagos
Royal Pinnacle Hospital,Medical,"38, Cole Street, Off Lawanson Road, Ikate, Surulere, Lagos.",Surulere,Lagos
Sajato Eye Centre,Optical,"70, Modupe Johnson crescent, off Adeniran Ogunsanya street, Surulere",Surulere,Lagos
Smiley Dental Care,Dental,"105, Akerele Road, Off Shitta Roundabout,Surulere",Surulere,Lagos
"Smiley Optical Services - Surulere, Lagos",Optical,"92, Adeniran Ogunsanya Street, Surulere, Lagos.",Surulere,Lagos
Smith Medical Centre,Medical,"No 8 Afric Road, Off Funsho Williams Avenue (Western Avenue), Olaleye Estate, Iponri, Surulere, Lagos",Surulere,Lagos
Spectrum Dental Surgery,Dental,"18, Olatunde Onimole street, Surulere, Lagos.",Surulere,Lagos
ST. PAUL EYE CLINIC,Optical,"35, Cole Street, Off Mabo Road, Ojuelegba,",Surulere,Lagos
TOP TEE MEDICAL CENTRE,Medical,40 Ogunlana Drive Surulere Lagos,Surulere,Lagos
Uwemedimo Hospital,Medical,"5, Imam Thanni Street, Ijesha Surulere, Lagos.",Surulere,Lagos
View Plus Optical Limited,Optical,"27, Bode Thomas Street, Surulere, Lagos.",Surulere,Lagos
VISION AIDS EYE CLINIC,Optical,"B38, 1st Floor Shoprite Mall Adeniran Ogunsanya Str. Surulere , Lagos",Surulere,Lagos
Mount Sinai Hospital,Medical,"30, FALOLU STREET SURULERE LAGOS",Surulere,Lagos
SIGHT CENTER LTD,Optical,"26, MONTGOMERY ROAD YABA, LAGOS",Lagos Mainland,Lagos
,,,,
